{"cameraMode":{"drawMode":0,"name":"Shaded","section":"Shading Mode"},"sceneLighting":true,"audioPlay":false,"sceneViewState":{"showFog":true,"showMaterialUpdate":false,"showSkybox":true,"showFlares":true,"showImageEffects":true,"showParticleSystems":true},"in2DMode":false,"pivot":{"x":0.2491387128829956,"y":1.3502209186553956,"z":-0.27392473816871645},"rotation":{"x":0.3391023874282837,"y":0.5557928681373596,"z":-0.2649984359741211,"w":0.7112522721290588},"size":10.001940727233887,"orthographic":false}